itemnm,price
Apple iPhone 11 Pro Max,680
Apple Watch 5,380
Apple iMac 27inch,1299
Apple Mac Pro,4999
Apple iPhone Lightening cable,29
Apple Airpods Pro,249
Apple iPhone 11 Pro Max,680
Apple Watch 5,380
Apple iPhone 11 Pro Max,680
Apple Watch 5,380
Apple iPhone 11 Pro Max,680
Apple Watch 5,380
Apple iPhone 11 Pro Max,680
Apple Watch 5,380
Apple iPhone 11 Pro Max,680
Apple iPhone 11 Pro Max,680
Apple iPhone 11 Pro Max,680
Apple iPhone 11 Pro Max,680
Apple iPhone 11 Pro Max,680
Apple iPhone 11 Pro Max,680
Apple iPhone 11 Pro Max,680
Apple iPhone 11 Pro Max,680
Apple iPhone 11 Pro Max,680
Apple iPhone 11 Pro Max,680
Apple iPhone 11 Pro Max,680
Apple iPhone 11 Pro Max,680
Apple iPhone Lightening cable,29
Apple Airpods Pro,249
Apple iPhone Lightening cable,29
Apple iPhone Lightening cable,29
Apple iPhone Lightening cable,29
Apple iPhone Lightening cable,29
Apple iPhone Lightening cable,29
Apple iPhone Lightening cable,29
Apple iPhone Lightening cable,29
Apple iPhone Lightening cable,29
Apple iPhone Lightening cable,29
Apple iPhone Lightening cable,29
Apple Airpods Pro,249
Apple iPhone Lightening cable,29
Apple iPhone Lightening cable,29
Apple iMac 27inch,1299
Apple Mac Pro,4999
Apple Airpods Pro,249
Apple iPhone Lightening cable,29
Apple Airpods Pro,249
Apple iPhone Lightening cable,29
Apple Airpods Pro,249
Apple iPhone Lightening cable,29
Apple iMac 27inch,1299
Apple Mac Pro,4999
Apple iMac 27inch,1299
Apple Mac Pro,4999
Apple Airpods Pro,249
Apple iPhone Lightening cable,29
Apple Airpods Pro,249
Apple iPhone Lightening cable,29
Apple Airpods Pro,249
Apple iPhone Lightening cable,29
Apple Airpods Pro,249
Apple iMac 27inch,1299
Apple iMac 27inch,1299
Apple iMac 27inch,1299
Apple iMac 27inch,1299
Apple Mac Pro,4999
Apple iMac 27inch,1299
Apple Mac Pro,4999
Apple Mac Pro,4999
Apple iMac 27inch,1299
Apple Mac Pro,4999
Apple iMac 27inch,1299
Apple Mac Pro,4999
Apple iMac 27inch,1299
Apple Mac Pro,4999
Apple iMac 27inch,1299
Apple Mac Pro,4999
Apple iMac 27inch,1299
Apple Mac Pro,4999
Apple iMac 27inch,1299
Apple Mac Pro,4999